Title,Genre(s),Platform(s),Release Year,Developer(s),Publisher(s),Avg. Time,Avg. Rushed Time,Art,Glitchless World Record Time,Glitchless World Record Holder,Description
102 Dalmatians: Puppies to the Rescue,"Action
Platformer","Dreamcast
Game Boy Color
PC
PlayStation","November 15
2000","Crystal Dynamics
Toys for Bob",Eidos Interactive,4h 36m,3h 1m,https://howlongtobeat.com/games/102_Dalmatians_-_Puppies_to_the_Rescue_Coverart.png?width=250,,,"It's puppy power to the rescue! As Oddball or Domino, it's up to you to rescue your captured puppy friends from the evil clutches of Cruella De Vil and her army of pet-napping toys! Sniff, dig and dog-paddle your way through 20 levels plus six fun mini-games."
Banjo-Kazooie,"Action
Adventure
Platform","Nintendo 64
Xbox 360","June 29
1998",Rare,"Nintendo
Microsoft Game Studios",11h 33m,8h 8m,https://howlongtobeat.com/games/250px-BanjoKazooieCover500px.jpg?width=250,,,"Play as lovable goofball Banjo the bear and his bird pal Kazooie in the first of many adventures as they collect valuable ""Jiggies"" in order to face the vile witch, Gruntilda and save Banjo's sister Tooty."
Bomberman Online,Hudson Soft,Party,1 Week Ago,Sega,"October 30
2001",1h 49m,1h 49m,https://howlongtobeat.com/games/250px-BombermanOnline.jpg?width=250,,,"Bomberman Online brings gamers the same addictive battles as in other Bomberman games in the form of online multiplayer puzzles. Players progress through different levels attempting to destroy their opponents by strategically planting bombs and running for cover. Each playing field is constructed out of both destructible and indestructible walls, a ...Read More"
Bugs Bunny: Lost in Time,Behaviour Interactive,Platform,"June 29
1999",Infogrames,"May 31
1999",10h 36m,8h 43m,https://howlongtobeat.com/games/250px-BugsBunnyLostInTime.jpg?width=250,,,"Bugs has accidentally sent himself back in time while preparing for a relaxing vacation in Pismo Beach. To get back to the present, the brave bunny must collect clocks that have been scattered throughout 21 levels of platform jumping action. The levels take place in five different time periods that include the Stone Age, Medieval Times, the Pirate ...Read More"
Deltarune: Chapter 1,"Top-Down
Turn-Based
Action
Role-Playing","Nintendo Switch
PC
PlayStation 4","October 31
2018",Toby Fox,Toby Fox,2h 55m,1h 47m,https://howlongtobeat.com/games/62097_Deltarune_Chapter_1.jpg?width=250,,,The next adventure in the UNDERTALE series has appeared!
Disney's Donald Duck: Goin' Quackers,Platform,"Dreamcast
Game Boy Color
Nintendo 64
Nintendo GameCube
PC
PlayStation
PlayStation 2","October 19
2000",Disney Interactive,Ubisoft Montreal,2h 30m,1h 43m,https://howlongtobeat.com/games/Donald_Duck_Quack_Attack.jpg?width=250,,,"The evil wizard Merlock has kidnapped Donald's girlfriend, Daisy, and it's up to Donald to save her."
Donkey Kong Country,"Third-Person
Scrolling
Platform","Game Boy Advance
Game Boy Color
Super Nintendo","November 24
1994",Rare,Nintendo,4h 7m,2h 29m,https://howlongtobeat.com/games/Dkc_snes_boxart.jpg?width=250,,,Donkey Kong is back with a new sidekick Diddy Kong in a crazy island adventure! Challenged by the crazed tribe of reptilian Kremlings they endeavor to get back their stolen banana horde! Armed with lightning-quick moves chest pounding muscle and awesome aerial acrobatics our duo is ready to face their cunning adversaries. With the help of Donkey Ko ...Read More
Elite Beat Agents,Music/Rhythm,"Nintendo 3DS
Nintendo DS","November 06
2006",iNiS,Nintendo,3h 56m,2h 29m,https://howlongtobeat.com/games/Elite_Beat_Agents.jpg?width=250,,,"The follow-up to the incredibly addictive Japanese music game, Osu! Tatakae! Ouendan. This is the first game of the series to come to America. The public knows of government agencies like the FBI and CIA, but little is known of this super-secret agency. Code-named ""Elite Beat Agents"", these men in black are heroes' heroes and the coolest group of g ...Read More"
F-Zero 99,Nintendo,Racing/Driving,2.5 Days Ago,"September 14
2023","September 14
2023",7h 25m,2h 55m,https://howlongtobeat.com/games/137794_F-Zero_99.png?width=250,,,"Line up with 98 other F-ZERO machines and race to the finish in this thrilling take on the original Super NES game. Keep an eye on your power meter as you boost and bash, because speed is just as important as survival. Defend yourself with a Spin Attack and collect Super Sparks to breeze past the competition on the elevated Skyway."
Fire Emblem: Awakening,"Turn-Based
Role-Playing
Strategy/Tactical",Nintendo 3DS,"February 04
2013",Intelligent Systems,Nintendo,31h 21m,19h 58m,https://howlongtobeat.com/games/Fire_Emblem_Awakening_English_box_art.jpg?width=250,,,"Fire Emblem: Awakening offers a unique blend of in-battle strategy, vast character customization, and 3-D cinematic graphics that appeal to a wide range of gamers. In this fantasy adventure for the Nintendo 3DS, you have the power to turn the tides of battle in an epic war against a dark dragon. Your fire-breathing foe threatens to destroy the enti ...Read More"
Frogger: Ancient Shadow,Hudson Soft,Platform,22 Hours Ago,Konami,"September 27
2005",20h,20h,https://howlongtobeat.com/games/Frogger_Ancient_Shadow_GC.jpg?width=250,,,Three-dimensional graphics and an involved story line bring this classic franchise into the twenty first century with an involved story and new challenges for the players to experience.
Fullmetal Alchemist: Dual Sympathy,Bandai,Action,"September 07
2008","Bandai
Destineer","December 12
2006",9h 29m,6h 55m,https://howlongtobeat.com/games/250px-FMA_Dual_Sympathy_US_DS_Cover.jpg?width=250,,,"Based on the anime series, Dual Sympathy is a side-scrolling action/adventure game that follows the Elric brothers on a quest to defeat the evil Homunculi and acquire the fabled Philosopher's Stone. Whether repelling defenders, removing obstacles or engaged in battle, all six characters have unique and devastating alchemy attacks, which range in sc ...Read More"
Golden Sun,Camelot Software Planning,"Adventure
Role-Playing","February 22
2002",Nintendo,"November 11
2001",22h 21m,16h 35m,https://howlongtobeat.com/games/4000_Golden_Sun.jpg?width=250,,,"RPG from the makers of Shining Force, featuring an adventure filled with tried-and-true overhead-wandering, random-battle gameplay that looks absolutely sweet on the Game Boy Advance small fact, this game arguably rivals most of the classic RPGs that have ended up on the console systems, like Dragon Warrior or the aforementioned Final Fantasy serie ...Read More"
Kid Icarus: Uprising,Third-Person Shooter,Nintendo 3DS,"March 23
2012",Project Sora,Nintendo,12h 4m,9h 7m,https://howlongtobeat.com/games/Kid_Icarus-Uprising_logo.jpg?width=250,,,"Some 25 years after the original Kid Icarus game for NES captured the hearts and imaginations of gamers worldwide, Kid Icarus: Uprising brings the action and adventure of this beloved series to new heights - and new visual dimensions - on the Nintendo 3DS system. The dark goddess Medusa and her Underworld Army have returned, and they've got their s ...Read More"
Kingdom Hearts 358/2 Days,"Action
Role-Playing",Nintendo DS,"September 29
2009","Square Enix
h.a.n.d.","Square Enix
Disney Interactive Studios
EU: Eidos Interactive
AUS: Ubisoft",26h 49m,18h 21m,https://howlongtobeat.com/games/KingdomdaysNA.jpg?width=250,,,"Chronologically set between the events of Kingdom Hearts and Kingdom Hearts II, Kingdom Hearts 358/2 Days (pronounced ""Kingdom Hearts Three-Five-Eight Days Over Two"") is the newest installment on the Nintendo DS of the wildly popular role-playing game series. Featuring supporting details of Kingdom Hearts II character Roxas, as well as single and m ...Read More"
Kingdom Hearts 3D: Dream Drop Distance,"Action
Role-Playing","Nintendo 3DS
PlayStation 4","July 31
2012",Square Enix 1st Production Department,Square Enix,23h 12m,16h 49m,https://howlongtobeat.com/games/Kingdom_Hearts_3D_Dream_Drop_Distance_Cover.jpg?width=250,,,"Kingdom Hearts 3D: Dream Drop Distance is the latest entry in the beloved collaboration between Disney Interactive Studios and Square Enix, which has shipped over 17 million units worldwide. In this much-awaited follow-up to KINGDOM HEARTS II, players take control of both Sora and Riku as they look to become Keyblade Masters. The adventure will tak ...Read More"
Kingdom Hearts Birth by Sleep Final Mix,"Action
Role-Playing","PC
PlayStation 3
PlayStation 4
PlayStation Portable
Xbox One","January 20
2011",Square Enix,Square Enix,25h 41m,16h 40m,https://howlongtobeat.com/games/kingdom_hearts_birth_by_sleep_final_mix_boxart.jpg?width=250,,,A Japan-exclusive reissue of Kingdom Hearts Birth by Sleep.
Kingdom Hearts Final Mix,Square Enix,"Action
Role-Playing",9 Hours Ago,Square Enix,"December 26
2002",23h 41m,16h 17m,https://howlongtobeat.com/games/500px-Kingdom_Hearts_Final_Mix_Boxart.jpg?width=250,,,"How long is Kingdom Hearts Final Mix?
When focusing on the main objectives, Kingdom Hearts Final Mix is about 24 Hours in length. If you're a gamer that strives to see all aspects of the game, you are likely to spend around 60½ Hours to obtain 100% completion."
Kingdom Hearts II Final Mix,"Action
Role-Playing","PC
PlayStation 2
PlayStation 3
PlayStation 4
Xbox One","March 29
2007",Square Enix,Square Enix,29h 19m,18h 45m,https://howlongtobeat.com/games/Kingdom_Hearts_II_Final_Mix.jpg?width=250,,,"Kingdom Hearts II Final Mix contains a couple of new interesting features, targeted to fans of the series as well as those that haven't played the game before."
Kingdom Hearts III,"Third-Person
Action
Role-Playing","PC
PlayStation 4
Xbox One","January 29
2019",Square Enix 1st Production Department,Square Enix,75%,10h,https://howlongtobeat.com/games/Kingdom_Hearts_III.jpg?width=250,,,"Kingdom Hearts III is the third game in the beloved RPG series and features a mature Sora who sets forth on an adventure with Mickey, Donald and Goofy through new and legendary Disney worlds."
Kingdom Hearts Re:coded,Puzzle,Nintendo DS,"January 11
2011",h.a.n.d.,Square Enix,16h 4m,11h 53m,https://howlongtobeat.com/games/220px-Khrecodedbox.jpg?width=250,,,"Kingdom Hearts Re:coded is a unique Kingdom Hearts adventure for play on Nintendo DS and DSi. A retelling of the earlier episodically released Japanese title, Kingdom Hearts Coded, Kingdom Hearts Re:coded contains all eight episodes of the previous game on a single game cartridge. The game is an engrossing mix of gameplay types, including turn-base ...Read More"
Kingdom Hearts: Chain of Memories,"Action
Card Game
Role-Playing",Game Boy Advance,"December 07
2004","Square Enix Product Development Division 1
Jupiter","Square Enix
Nintendo",18h 18m,14h 19m,https://howlongtobeat.com/games/KingdomHeartsCoMCover_.jpg?width=250,,,"Kingdom Hearts: Chain Of Memories delivers an unsurpassed gaming experience to players. Watch as new high-quality movie sequences show you an incredible new story -- where Disney and Final Fantasy characters meet! The heroes of Kingdom Hearts - Sora, Donald and Goofy - have walked into a room that took away their powers and magic! To get them back, ...Read More"
Kuru Kuru Kururin,Puzzle,"Game Boy Advance
Wii U","March 21
2001",Eighting,Nintendo,3h 10m,1h 53m,https://howlongtobeat.com/games/250px-Kuru_Kuru_Kururin_Coverart.jpg?width=250,,,Control a spinning stick through increasingly difficult to navigate mazes.
Looney Tunes: Back in Action,Warner Bros. Interactive,Platform,"January 30
2004",Electronic Arts,"November 11
2003",5h 29m,4h 29m,https://howlongtobeat.com/games/LooneyToonsBackAacton_front.jpg?width=250,,,"Quest for the Blue Monkey Diamond as you travel from the secret Alien Area 52, visit Hollywood back-lots, and descend into the jungles of Africa as you run, jump, slide and bounce your way through this unbelievable adventure."
Looney Tunes: Space Race,Infogrames Melbourne,"Arcade
Racing/Driving","November 17
2000",Infogrames,"November 27
2000",3h 32m,3h 20m,https://howlongtobeat.com/games/375px-Looney_Tunes_Space_Race.jpg?width=250,,,"The classic characters of Looney Tunes come to life in Space Race. There are 9 legendary characters to choose from; including Bugs Bunny, Daffy Duck, Taz, Sylvester, Yosemite Sam, and more. Riding high-powered ACME rockets, players will have to guide their chosen rider through 12 unique tracks from throughout the Looney Tunes universe, each with ...Read More"
Luigi's Mansion,Nintendo EAD,"Third-Person
Action
Adventure","May 03
2002",Nintendo,"November 18
2001",6h 37m,4h 29m,https://howlongtobeat.com/games/5423_Luigis_Mansion.png?width=250,,,Luigi's Mansion is a great adventure game starring the previously-overlooked Mario brother!
Madagascar,"Action
Adventure","Game Boy Advance
Nintendo GameCube
PC
PlayStation 2
Xbox","May 24
2005",Toys for Bob,Activision,5h 27m,4h 5m,https://howlongtobeat.com/games/256px-Madagascar_front.jpg?width=250,,,"Based on the highly anticipated animated feature film from DreamWorks, Madagascar is the only game that lets players enter the world of four hilarious Central Park Zoo animals --a personality-packed crew made up of a lion, zebra, giraffe and hippo. Players must master each animal's natural skills while adventuring through the exciting city of New Y ...Read More"
Mario Kart 8 Deluxe,Racing/Driving,Nintendo Switch,"April 28
2017",Nintendo,Nintendo,75%,1h,https://howlongtobeat.com/games/43480_Mario_Kart_8_Deluxe.jpg?width=250,,,"Hit the road with the definitive version of Mario Kart 8 and play anytime, anywhere! Race your friends or battle them in a revised battle mode on new and returning battle courses. Play locally in up to 4-player multiplayer in 1080p while playing in TV Mode. Every track from the Wii U version, including DLC, makes a glorious return. Plus, the Inklin ...Read More"
Mario Kart DS,Racing/Driving,Nintendo DS,"November 14
2005",Nintendo EAD,Nintendo,4h 38m,3h 6m,https://howlongtobeat.com/games/5636_Mario_Kart_DS.png?width=250,,,"Now you can play Mario Kart against opponents all over the world with Mario Kart DS. Mario Kart DS includes new tracks, as well as retro tracks selected from all the previous Mario Kart versions. In addition to a handful of single-player modes, you can play with up to eight players locally or with four players over the Internet. Your records are st ...Read More"
Mario Kart Wii,Racing/Driving,Wii,"April 27
2008",Nintendo EAD,Nintendo,6h 5m,3h 44m,https://howlongtobeat.com/games/5637_Mario_Kart_Wii.jpg?width=250,,,"Mario Kart Wii will include 16 new courses and 16 classic courses from previous Mario Kart games. For the first time ever, players have the option of racing with either karts or motorbikes. Players can also hit the road as their personalized Mii caricatures in addition to the handful of classic Nintendo characters found in the game. True to the ser ...Read More"
Mario Kart: Super Circuit,Racing/Driving,Game Boy Advance,"August 11
2001",Intelligent Systems,Nintendo,3h 27m,1h 56m,https://howlongtobeat.com/games/250px-Super_Circuit.jpg?width=250,,,"Mario Kart Super Circuit (Game Boy Advance, 2001) is a racing game that allows you to compete with up to four of your friends on the multiplayer mode. on the game features 40 different tracks and the lightning fast speeds in combination with the colorful surroundings make for a different racing game; laying traps for your opponents in the Mario Kar ...Read More"
Mario Pinball Land,Fuse Games,Pinball,"November 26
2004",Nintendo,"October 04
2004",4h 33m,2h 57m,https://howlongtobeat.com/games/200px-Mario_Pinball_Land.jpg?width=250,,,"When Bowser kidnaps Peach and escapes to another dimension, a scientist uses his Spherifier to transform Mario into a ball and fires him after the fiend with his Super Cannon. Mario has been turned into a ball and drawn into another dimension, and now pinball will never be the same. Whether you're ricocheting after stars, bouncing off Goombas and M ...Read More"
McDonald's: O Resgate dos Bichos,No info,No info,No info,No info,No info,No info,No info,No info,,,
Metroid Fusion,"Action
Adventure
Shooter",Game Boy Advance,"November 17
2002",Nintendo R&D1,Nintendo,5h 10m,3h 7m,https://howlongtobeat.com/games/250px-Metroid_Fusion_box.jpg?width=250,,,"Metroid Fusion is a side-scrolling action game that's more in line with the series' NES origin than its GameCube contemporary, the first-person action game Metroid Prime. In this one, players take the bounty hunter Samus on an extermination mission through a research facility to kill X parasites--nasty creatures that absorb and assimilate the power ...Read More"
New Super Mario Bros.,"Side
Scrolling
Platform",Nintendo DS,"May 15
2006",Nintendo EAD,Nintendo,7h 16m,4h 49m,https://howlongtobeat.com/games/6534_New_Super_Mario_Bros.png?width=250,,,Jump into an all-new Mario adventure!
New Super Mario Bros. Wii,Platform,Wii,"November 15
2009",Nintendo EAD,Nintendo,9h 21m,5h 20m,https://howlongtobeat.com/games/250px-NewSuperMarioBrosWiiBoxart.png?width=250,,,"Developers at Nintendo have dreamed of creating a simultaneous multiplayer Super Mario Bros. game for decades. The Wii console finally makes that dream come true for everyone with New Super Mario Bros. Wii. Supporting 2-4 players in side-scrolling co-op and competitive platforming action, and featuring a mix of fan favorites and new characters, new ...Read More"
Persona 5 Royal,"Third-Person
Turn-Based
Role-Playing
Simulation","Nintendo Switch
PC
PlayStation 4
PlayStation 5
Xbox One
Xbox Series X/S","March 31
2020",P-Studio,Atlus,102h 39m,73h 39m,https://howlongtobeat.com/games/66630_Persona_5_Royal.jpg?width=250,,,"Persona 5 Royal is a remake of the original Persona 5 with the addition of many new elements, including a new third semester, new events involving daily school life and the Phantom Thieves, new characters, locations, and more."
Pokémon Black and White,Role-Playing,"Nintendo 3DS
Nintendo DS","March 04
2011",Game Freak,"March 06
2011",32h 28m,19h 38m,https://howlongtobeat.com/games/7140_Pokmon_Black_and_White.png?width=250,,,"Enjoy classic challenging RPG-Adventure Pokémon gameplay as they catch wild Pokémon and utilize them in face-offs against other Trainers to see who is the best. Additional features include: access to the Legendary Pokémon, Reshiram; the player's choice of one of three starter Pokémon; an all-new and diverse game region, Unova; improved graphics; mu ...Read More"
Pokémon HeartGold and SoulSilver,Role-Playing,Nintendo DS,"March 26
2010",Game Freak,"March 14
2010",36h 33m,22h 25m,https://howlongtobeat.com/games/7153_Pokmon_HeartGold_and_SoulSilver.jpg?width=250,,,Pokémon HeartGold Version and Pokémon SoulSilver Version return players to the scenic Johto region first introduced in the beloved original Pokémon Gold and Pokémon Silver games nearly a decade ago. The richly detailed adventure of Pokémon Gold and Pokémon Silver is now enhanced for the Nintendo DS and Nintendo DSi systems with updated graphics and ...Read More
Pokémon Ruby and Sapphire,Role-Playing,Game Boy Advance,"July 25
2003",Game Freak,"March 19
2003",35h 15m,24h 57m,https://howlongtobeat.com/games/7170_Pokmon_Ruby_and_Sapphire.png?width=250,,,Pokémon Ruby and Sapphire take you on an immersive and more exciting new adventure as you travel and train to become a Pokemon master!
Pokémon Scarlet and Violet,"Third-Person
Turn-Based
Open World
Role-Playing",Nintendo Switch,"November 18
2022",Game Freak,"Nintendo
The Pokémon Company",70%,11h,https://howlongtobeat.com/games/104683_Pokmon_Scarlet_and_Violet.jpg?width=250,,,"The Pokémon Scarlet and Pokémon Violet games, the newest chapters in the Pokémon series, are coming to Nintendo Switch. With these new titles, the Pokémon series takes a new evolutionary step, allowing you to explore freely in a richly expressed open world."
Pokémon Snap,Role-Playing,Nintendo 64,"June 30
1999","HAL Laboratory
Pax Softnica",Nintendo,3h 46m,2h 40m,https://howlongtobeat.com/games/7173_Pokmon_Snap.jpg?width=250,,,"As Todd Snap, an aspiring Pokémon photographer, you must travel through different environment types in order to photograph as many Pokémon as you can find. With the help of Professor Oak, you will discover new places to photograph Pokémon, ranging from those such as a volcano which houses Fire Pokémon to a jungle housing Grass Pokémon."
Pokémon X and Y,"Top-Down
Turn-Based
Role-Playing",Nintendo 3DS,"October 12
2013",Game Freak,"October 12
2013",32h 26m,19h 29m,https://howlongtobeat.com/games/13937_Pokmon_X_and_Y.png?width=250,,,The Next Evolution in Pokémon comes to Nintendo 3DS.
"Pokémon: Let's Go, Pikachu! and Let's Go, Eevee!","Top-Down
Turn-Based
Adventure
Role-Playing",Nintendo Switch,"November 16
2018",Game Freak,"The Pokémon Company
Nintendo",25h 17m,15h 42m,https://howlongtobeat.com/games/57519_Pokmon_Lets_Go_Pikachu_and_Lets_Go_Eevee.png?width=250,,,"Take your Pokémon journey to the Kanto region with Eevee or Pikachu to become a top Pokémon trainer as you battle other trainers. Use a throwing motion to catch Pokémon in the wild with either one Joy-Con controller or Poké Ball Plus accessory, which will light up, vibrate, and make sounds to bring your adventure to life. Share your adventure with ...Read More"
Rayman 2: The Great Escape,"Action
Platform","Dreamcast
Mobile
Nintendo 64
PC
PlayStation","October 31
1999",Ubisoft,Ubisoft,8h 1m,5h 45m,https://howlongtobeat.com/games/250px-Rayman_2.jpg?width=250,,,"After a few years in retirement, jumping game giant Rayman returns with a new 3-D adventure game that will keep you hopping through several graphically stunning game environments. Fans of Sonic, Mario, and other cartoon-like jumping games will probably enjoy the familiar gameplay of Rayman 2. While the French-created Rayman character may not be as ...Read More"
Rayman 3: Hoodlum Havoc,Platform,"Nintendo GameCube
PC
PlayStation 2
Xbox","March 02
2003","Ubisoft Shanghai
Ubisoft
Gameloft","Ubisoft
Gameloft
Feral Interactive",8h 42m,6h 19m,https://howlongtobeat.com/games/Rayman_3.jpg?width=250,,,"Adventurers beware - Rayman's universe has exploded into a wacked-out world of cartoon mayhem and mind-blowing battles! When Globox accidentally swallows the Lord of the Dark Lums, a fanatic army of trigger-happy Hoodlums wreaks total havoc to get their Lord back! Rayman's only chance? Journey the vast reaches of the world to purge the Dark Lum Lor ...Read More"
Shadow the Hedgehog,"Platforming
action-adventure
third-person shooter","Nintendo GameCube
PlayStation 2
Xbox","December 15
2005",Sega Studio USA,Sega,4h 41m,2h 39m,https://howlongtobeat.com/games/250px-Shadow_the_Hedgehog_Coverart.png?width=250,,,"Shadow awakens with amnesia and is tormented by a dark past as he struggles to unveil his true identity. Was he created to save humankind or to do the evil bidding of the dark side? Only by collecting the seven Chaos Emeralds will Shadow unlock the truth. Caught in a complex battle between aliens, the G.U.N. army, and Dr. Eggman, Shadow becomes the ...Read More"
Shin Megami Tensei: Persona 4,"Turn-Based
Role-Playing
Simulation",PlayStation 2,"December 09
2008",Atlus,"Atlus
Square Enix",73h 9m,54h 37m,https://howlongtobeat.com/games/Shin_Megami_Tensei_Persona_4.jpg?width=250,,,"Shin Megami Tensei: Persona 4 is a console role-playing game (RPG) for Sony's PlayStation 2. Chronologically the sixth installment in the Persona series, Persona 4 is a suspenseful countryside murder mystery with multiple twists and turns in the plot that will have you guessing all the way to the end."
Sonic Adventure 2 Battle,Platform,"Nintendo GameCube
PC
PlayStation 3
Xbox 360","February 11
2002",Sonic Team USA,Sega,9h 23m,5h 48m,https://howlongtobeat.com/games/2kqxeg.jpg?width=250,,,"Sonic and crew need to stop Dr. Eggman from his nasty tricks again. There's new characters brought into the Sonic universe! A mysterious dark hedgehog called Shadow and a bat named Rouge. The Sonic Adventure 2 Battle has been enhanced with graphics, doubling the framerate and now is set as a multiplayer system."
Sonic Adventure DX,Platform,"Nintendo GameCube
PC
PlayStation 3
Xbox 360
Xbox One","June 13
2003",Sonic Team,Sega,9h 20m,6h 14m,https://howlongtobeat.com/games/1803649-box_sonicaddxdc_large.png?width=250,,,An ancient evil lurking within the Master Emerald has been unleashed from its slumber by the devious Dr. Eggman and is on the verge of becoming the ultimate monster using the 7 Chaos Emeralds. Only Sonic and his friends are heroic enough to put a stop to Dr. Eggman and his evil minions. Hit the ground running in this classic epic adventure in a rac ...Read More
Sonic and the Secret Rings,"Platform
Action","Wii
Wii U","February 20
2007",Sonic Team,Sega,8h 20m,6h 32m,https://howlongtobeat.com/games/Sonic_and_the_Secret_Rings_coverart.png?width=250,,,"THE LAND OF MYSTERY MEETS THE LEGEND OF SPEED. Sonic races through the exotic world of the Arabian Nights to harness the awesome power of the secret rings before they fall into the hands of the evil genie, Erazor! The blue dude is unstoppable with the new ability to slow time and boost forward faster than ever, but he's never gone up against a geni ...Read More"
Sonic Colors,Platform,"Nintendo DS
Wii","November 16
2010","Sonic Team
Dimps",Sega,5h 5m,3h 43m,https://howlongtobeat.com/games/Sonic_Colors_box_artwork.png?width=250,,,"The diabolical Dr. Eggman has hatched another plan for world domination! He has built an amazing interstellar amusement park, floating in space around Sonic's home planet, bursting with incredible rides and attractions. However, all is not as it seems as Dr. Eggman has abducted an alien race called Wisps and is harnessing their colorful energy to f ...Read More"
Sonic Heroes,"Platform
Racing/Driving","Nintendo GameCube
PC
PlayStation 2
Xbox","January 05
2004",Sonic Team,SEGA,11h 36m,7h 46m,https://howlongtobeat.com/games/256px-Sonic_Heroes_cover.png?width=250,,,"Sonic teams up with Knuckles, Tails and nine other characters from Sega's classic Sonic universe in a new take on platforming action in Sonic Heroes for PlayStation 2, GameCube, and Xbox. Utilize the abilities of three different characters in order to complete levels by switching on the fly. Four teams of three characters: Team Sonic, Team Dark, Te ...Read More"
Sonic Riders,Racing/Driving,"Nintendo GameCube
PC
PlayStation 2
Xbox","February 23
2006","Sonic Team
NOW Production
United Game Artists",Sega,4h 56m,3h 1m,https://howlongtobeat.com/games/Sonic_Riders_Coverart.png?width=250,,,TRY TO KEEP UP! Sonic takes on Dr. Eggman's call for the fastest air-rider at the World Grand Prix. Compete against new rivals - the Babylon Rogues - as you pull off insane tricks and catch massive air!
Sonic Rush,"Action
Platform","Nintendo 3DS
Nintendo DS","November 15
2005","Sonic Team
Dimps (co-developer)",Sega,5h 18m,3h 34m,https://howlongtobeat.com/games/Sonic_Rush_Coverart.png?width=250,,,"Sonic Rush brings back your favorite blue suse with an attitude. This time, Sonic pairs up with royalty - Queen Blaze the Cat - from another dimension to save the universe from utter destruction. Sonic Rush takes full advantage of the dual screens on the Nintendo DS system to deliver a frenetic adventure with dizzying dives, near vertical curves, e ...Read More"
Sonic Rush Adventure,"Platformer
Action","Nintendo 3DS
Nintendo DS","September 18
2007","Sonic Team
Dimps",Sega,6h 52m,4h 58m,https://howlongtobeat.com/games/Sonic_Rush_Adventure.jpg?width=250,,,"Sonic returns to the Nintendo DS with all the classic 2D dual screen action of Sonic Rush, as well as a new high-seas adventure where he clashes with ruthless pirates. As Sonic, you will set off from Windmill Village to explore seven islands for action-packed adventures spread across a large map. As you venture, you will uncover valuable items and ...Read More"
Sonic the Hedgehog 2 (16-bit),Platform,"Mobile
Nintendo 3DS
Nintendo Switch
PC
Sega Mega Drive/Genesis","November 24
1992","Sega Technical Institute
Sonic Team",Sega,65%,--,https://howlongtobeat.com/games/250px-Sonic2_European_Box.jpg?width=250,,,"The evil scientist, Dr. Eggman (aka Dr. Robotnik), has snatched the animals of South Island, turning them into robot slaves. Only one hero can defeat Dr. Eggman and rescue the animals from his vile clutches – it’s the super-cool hedgehog with the blue spiky hair, Sonic! Race at lightning speeds across seven classic zones as Sonic the Hedgehog. R ...Read More"
Sonic the Hedgehog 3,"Sonic Team
Sega Technical Institute",Platform,"February 24
1994",Sega,"February 02
1994",2h 43m,1h 48m,https://howlongtobeat.com/games/Sonic3-box-us-225.jpg?width=250,,,"Sonic and Tails are back for another adventure as they again battle the evil Dr. Eggman (AKA Dr. Robotnik), who is desperately trying to collect all the Chaos Emeralds in order to rebuild his Death Egg. Our heroes must find the Chaos Emeralds before Dr. Eggman does, but winning the race won't be easy -- a new adversary, Knuckles the Echidna, has ar ...Read More"
Sonic Unleashed,"Action
Adventure
Platform","Mobile
PlayStation 2
PlayStation 3
Wii
Xbox 360
Xbox One","November 18
2008","Sonic Team
Dimps",Sega,12h 48m,9h 27m,https://howlongtobeat.com/games/Sonic_unleashed_boxart.jpg?width=250,,,"Transformed and unleashed, Sonic races to save the world...and himself. Sonic the Hedgehog is on an adventure unlike any other. Powered by an all-new engine, Sonic Unleashed blends classic Sonic gameplay with a variety of in-game perspectives to create an entirely new and unique gaming experience. Merging blistering 2D action with meticulously rend ...Read More"
Spider-Man,"Action
Adventure
Beat em Up","Dreamcast
Game Boy Color
Nintendo 64
PC
PlayStation","August 24
2000","Neversoft
Aspyr Media
Edge of Reality
Gray Matter Interactive
Treyarch",Activision,6h 46m,4h 41m,https://howlongtobeat.com/games/256px-Smboxpsx.jpg?width=250,,,"Everyone's favorite comic about the web-slinging superhero is now an action-packed, 3D videogame. As Spidey (AKA Peter Parker), you'll trek through the streets of the Big Apple, taking to rooftops, sewer bottoms, and secret villainous hideouts in order to accomplish your many missions. You'll face such dastardly foes as Scorpio, Venom, and Rhino as ...Read More"
Star Fox 64,"On-Rails
Shooter",Nintendo 64,"June 30
1997",Nintendo EAD,Nintendo,2h 12m,1h 22m,https://howlongtobeat.com/games/250px-StarFox64_N64_Game_Box.jpg?width=250,,,"The Star Fox 64 is a scrolling shooter video game developed for Nintendo 64 gaming console. Defeat the enemy in the single player mode, or play this rail shooter video game in the multi-player mode for a combined attack. In this Nintendo 64 video game, the General Pepper sends the Star Fox team to investigate the unusual activity spotted on planet ...Read More"
Star Fox Command,"Scrolling
Shooter","Nintendo 3DS
Nintendo DS
Wii U","August 28
2006","Q-Games
Nintendo EAD",Nintendo,3h 7m,2h 1m,https://howlongtobeat.com/games/250px-Starfoxcommandboxart.jpg?width=250,,,"Star Fox Command lets you hop into your fight through a unique branching storyline of missions, all rendered in gorgeous 3-D. This game brings a whole new strategic element to the series, with a commander's view of the mission. Using the touch screen, players can draw the routes they and their teammates will take. Battle the enemies they encounter ...Read More"
Star Fox: Assault,"Third-Person
Action
Flight Combat","Nintendo GameCube
Wii","February 14
2005",Namco,Nintendo,5h 15m,4h,https://howlongtobeat.com/games/250px-Assaultbox.jpg?width=250,,,"Fox McCloud and the Star Fox team return to engage a grave new threat in the air and on the ground! Several years after disaster was narrowly averted on Dinosaur Planet, Lylat Central Command detects a new threat spreading throughout the galaxy. The Star Fox team is sent in to eradicate this growing menace, but what begins as a standard combat miss ...Read More"
Super Mario 64,"Third-Person
Platform",Nintendo 64,"September 29
1996",Nintendo EAD,Nintendo,11h 48m,7h 27m,https://howlongtobeat.com/games/Super_Mario_64_box_cover.jpg?width=250,,,"Designer Shigeru Miyamoto's Mario sequel is considered by many to be one of the greatest videogames of all time. The title successfully proved that the famously polished, tried-and-true 2D play mechanics of the Super Mario Bros. series could be translated to 3D and, indeed, even in some cases improved upon. It also simultaneously helped define 3D g ...Read More"
Super Mario Advance 2: Super Mario World,Platform,Game Boy Advance,"February 11
2002",Nintendo EAD,Nintendo,5h 7m,2h 46m,https://howlongtobeat.com/games/SuperMarioAdvance2SuperMarioWorld.JPG?width=250,,,"Mario hasn't even had a chance to savor his victory in the original Super Mario Advance, and already he's back for more in Super Mario World: Super Mario Advance 2. This game is a perfect recreation of the Super NES classic Super Mario World, featuring every last secret exit and all 96 levels of platform-jumping joy."
Super Mario Bros.,"Side
Scrolling
Platform","Arcade
Game & Watch
Game Boy Advance
NES","November 17
1985",Nintendo Creative Department,Nintendo,1h 57m,57m,https://howlongtobeat.com/games/250px-Super_Mario_Bros._box.png?width=250,,,"Super Mario Bros. stars ""Jump Man"" himself, Mario, along with his brother Luigi, and takes players through more than 30 colorful levels of varied theme and design, all of them packed with cute, stylized enemies like the goombas and a wide array of platforms and obstacles."
Super Mario Bros. Wonder,"Side
Scrolling
Platform",Nintendo Switch,"October 20
2023",Nintendo EPD,Nintendo,9h 44m,7h 26m,https://howlongtobeat.com/games/130444_Super_Mario_Bros_Wonder.jpg?width=250,,,"Mario and friends have been invited to visit the colorful Flower Kingdom, just a short hop away from the Mushroom Kingdom. Unfortunately, King Bowser has transformed into a flying castle and is causing chaos across their peaceful land. Now our heroes must save the day and the Flower Kingdom in this wondrous new adventure!"
Super Mario Galaxy,"Third-Person
Adventure","Nintendo Switch
Wii","November 12
2007",Nintendo EAD Tokyo,Nintendo,13h 35m,8h 59m,https://howlongtobeat.com/games/9377_Super_Mario_Galaxy.jpg?width=250,,,"Mario returns and takes his next adventure into space. Follow him as he travels from planet to planet bending the rules of gravity. Players experience perspective shifts as they run upside down through alien worlds. Meet challenges like surfing on a ray in an ocean in the clouds, rolling a ball through a treacherous garden, or floating in a bubble ...Read More"
Super Mario Galaxy 2,"Third-Person
Adventure",Wii,"May 23
2010",Nintendo EAD Tokyo,Nintendo,13h 33m,9h 19m,https://howlongtobeat.com/games/Super_Mario_Galaxy_2_Box_Art.jpg?width=250,,,"Launch into a new universe of gravity warping worlds in the sequel to one of the greatest games of all time! Yoshi joins Mario as they traverse a wild variety of galaxies exploding with imagination, helping out our hero as he gulps enemies, runs at super speed, or inflates like a blimp to reach high cliff tops. Whether Mario's leaping into orbit ar ...Read More"
Super Mario Sunshine,Platform,Nintendo GameCube,"August 26
2002",Nintendo EAD,Nintendo,15h 5m,9h 44m,https://howlongtobeat.com/games/9386_Super_Mario_Sunshine.jpg?width=250,,,"When Mario, Peach, and an entourage of Peach's loyal Toad friends set out for a tropical vacation on lovely Isle Delfino, they're in store for much more than a relaxing holiday. A mustachioed maniac has mucked up the entire island, and Mario is accused of committing the crime. Armed with a hi-tech water cannon called FLUDD (Flash Liquidizer Ultra D ...Read More"
Super Mario World,Platform,Super Nintendo,"August 13
1991",Nintendo EAD,Nintendo,5h 12m,2h 47m,https://howlongtobeat.com/games/250px-Super_Mario_World_Coverart.png?width=250,,,"Mario's off on his biggest adventure ever, and this time he's brought along a friend. Yoshi the dinosaur teams up with Mario to battle Bowser, who has kidnapped Princess Toadstool once again. Guide Mario and Yoshi through nine peril-filled worlds to the final showdown in Bowser's castle. Use Mario's new powers and Yoshi's voracious monster-gobbling ...Read More"
Super Smash Bros. Brawl,"Fighting
action","Wii
Wii U","March 09
2008",Ad hoc development team,Nintendo,90%,20h,https://howlongtobeat.com/games/250px-SSBB_Cover.jpg?width=250,,,The third installment in Nintendo
Super Smash Bros. Melee,Fighting,Nintendo GameCube,"December 03
2001",HAL Laboratory,Nintendo,10h 21m,5h 30m,https://howlongtobeat.com/games/9442_Super_Smash_Bros_Melee.png?width=250,,,"Frantic multiplayer fighting returns with Super Smash Bros. Melee on the Nintendo GameCube. More than just a minor upgrade to the popular N64 game, the GameCube Smash Bros. is chock full of so many options and features it will make your head spin. Players can pummel each other with 25 classic Nintendo characters, and fight in 18 various game-themed ...Read More"
Taz: Wanted,Blitz Games,"Action
Adventure","September 27
2002","Infogrames
Warner Bros. Interactive","September 17
2002",11h 9m,8h 7m,https://howlongtobeat.com/games/256px-Taz_Wanted.jpg?width=250,,,"A frenzied, fast paced, explosive 3D-action platform game featuring Taz the Tasmanian Devil as a fugitive on the run. Taz is on the loose, wanted and heading for home. Never stop spinning, eating and destroying or you'll get caught!"
The Legend of Zelda,Nintendo EAD,"Top-Down
Action
Adventure
Open World","November 15
1987",Nintendo,"August 22
1987",8h 11m,5h 3m,https://howlongtobeat.com/games/Legend_of_zelda_cover_(with_cartridge)_gold.png?width=250,,,"Ganon, the King of Evil, broke free from the Dark World and captured Hyrule's beloved Princess Zelda. Before she was caught, Zelda managed to shatter the Triforce of Wisdom and scatter its eight pieces throughout Hyrule. Link swore to recover the Triforce pieces and rescue Princess Zelda from Ganon's clutches."
The Legend of Zelda: A Link Between Worlds,"Action
Adventure",Nintendo 3DS,"November 22
2013",Nintendo EAD Group No. 3,Nintendo,16h 19m,11h 4m,https://howlongtobeat.com/games/12965_The_Legend_of_Zelda_A_Link_Between_Worlds.jpg?width=250,,,"Two worlds collide in an all-new adventure set in the world of Super NES classic The Legend of Zelda: A Link to the Past. In this newly spun tale, Link transforms into a living painting to cross into a dark, parallel dimension mirroring Hyrule. Conquer the puzzles, traps, and hidden rooms of deadly dungeons to save both worlds from certain doom!"
The Legend of Zelda: A Link to the Past,Nintendo EAD,"Top-Down
Action
Adventure
Open World","September 24
1992",Nintendo,"April 13
1992",15h 5m,9h 46m,https://howlongtobeat.com/games/250px-Zelda_SNES.jpg?width=250,,,In all his glory Link ventures back to the land of Hyrule. The predecessors of Link and Zelda face monsters on the march when a menacing magician takes over the kingdom. Only you can prevent his evil plot from shattering the peaceful Hyrule. In your quest you'll venture into twisting mazes dungeons palaces and shadowy forests. Test your mettle with ...Read More
The Legend of Zelda: Link's Awakening DX,Nintendo EAD,"Action
Adventure","January 01
1999",Nintendo,"December 01
1998",14h 13m,10h 14m,https://howlongtobeat.com/games/ThLegendfeldaLinkAwakeningDX.JPG?width=250,,,"After being attacked at sea, Link's ship sinks, and he finds himself stranded on Koholint Island. He awakens to see a beautiful woman looking down at him. He soon learns the island has a giant egg on top of a mountain that the Wind Fish inhabits deep inside. Link is told to ""awaken the wind fish and all will be answered,"" so Link sets out on anothe ...Read More"
The Legend of Zelda: Majora's Mask,"Third-Person
Action
Adventure",Nintendo 64,"October 26
2000",Nintendo EAD,Nintendo,21h 40m,14h 4m,https://howlongtobeat.com/games/250px-ZeldaMMbox.jpg?width=250,,,"Arguably one of the strangest, darkest entries in the franchise, The Legend of Zelda: Majora's Mask was an ambitious attempt to marry the wildly successful control/gameplay design of Ocarina of Time with a bizarre time travel system that forced players to play through the same three days of events over and over again to save the day. While generall ...Read More"
The Legend of Zelda: Majora's Mask 3D,"Third-Person
Action
Adventure",Nintendo 3DS,"February 13
2015","Nintendo EAD Tokyo
Grezzo",Nintendo,24h 54m,17h 2m,https://howlongtobeat.com/games/Majoras_Mask_3D_cover.jpg?width=250,,,"In three days, the moon will fall and the land of Termina will meet with a terrible fate. Can you save it in time? Relive the world's final 72 hours, solve elaborate puzzles, conquer dungeons, battle giant bosses, and befriend the doomed people of Termina in one of Nintendo's most suspenseful apocalyptic adventures ever."
The Legend of Zelda: Ocarina of Time,"Action
Adventure
Role-Playing",Nintendo 64,"November 21
1998",Nintendo EAD,Nintendo,26h 54m,16h 18m,https://howlongtobeat.com/games/250px-ZeldaOoTbox.png?width=250,,,"The player controls the series' trademark hero, Link, in the land of Hyrule. Link sets out on a quest to stop Ganondorf, King of the Gerudo tribe, from obtaining the Triforce, a sacred relic that grants the wishes of its holder. Link travels through time and navigates various dungeons to awaken sages who have the power to seal Ganondorf away foreve ...Read More"
The Legend of Zelda: Ocarina of Time 3D,"Action
Open World",Nintendo 3DS,"June 19
2011","Grezzo
Nintendo",Nintendo,25h 21m,16h 35m,https://howlongtobeat.com/games/The_Legend_of_Zelda_Ocarina_of_Time_3D_box_art.png?width=250,,,"The Legend of Zelda: Ocarina of Time 3D is a must-have single player Action-Adventure game for the Nintendo 3DS. A reimagining of the original Nintendo 64 classic, the game features the full original game graphically overhauled in the glasses-free 3D made possible by the Nintendo 3DS. Along with this, the game includes all-new new challenges unique ...Read More"
The Legend of Zelda: Oracle of Ages,"Action
Adventure",Game Boy Color,"May 14
2001","Capcom
Nintendo",Nintendo,17h 6m,11h 58m,https://howlongtobeat.com/games/61tkEWRFwcL.jpg?width=250,,,"Simultaneously released with Oracle of Seasons, this second Capcom-developed Zelda game is widely regarded as the more difficult of the two adventures, Oracle of Ages sees Link embark on a similar quest to that in Oracle of Seasons, in that he must rescue a beautiful woman from the clutches of an unspeakable evil. Link's adventure begins when he aw ...Read More"
The Legend of Zelda: Oracle of Seasons,"Action
Adventure",Game Boy Color,"May 14
2001","Capcom
Nintendo",Nintendo,15h 32m,12h 24m,https://howlongtobeat.com/games/Lozoosbox.jpg?width=250,,,"Taking place in the world of Holodrum, far removed from the land of Hyrule, Link must embark on a quest that will see him traverse the land in its entirety in search of the Oracle of Seasons. By obtaining the Rod of Seasons, Link is able to manipulate the seasons by waving the wand atop any nearby tree stump. The landscape changes with each season, ...Read More"
The Legend of Zelda: Phantom Hourglass,Action-adventure,"Nintendo 3DS
Nintendo DS
Wii U","October 01
2007",Nintendo EAD,Nintendo,17h 22m,13h 20m,https://howlongtobeat.com/games/250px-Zelda_ph.jpg?width=250,,,"Phantom Hourglass wraps the standard Zelda formula in an innovative and fun control scheme that gives new life to several of the series' age-old concepts. The Legend of Zelda: Wind Waker closed with Link and Tetra setting sail for waters unknown...but their story was just beginning, and it continues on the Nintendo DS. When a mysterious fog waylays ...Read More"
The Legend of Zelda: Skyward Sword,"Third-Person
Action
Adventure",Wii,"November 20
2011",Nintendo EAD,Nintendo,38h 4m,26h 48m,https://howlongtobeat.com/games/10042_The_Legend_of_Zelda_Skyward_Sword.jpg?width=250,,,One of the most storied franchises in history soars to new heights. The Legend of Zelda: Skyward Sword shakes up the tried-and-true adventure game formula and marks a turning point for the franchise. The introduction of full motion controls to the series enabled by Wii MotionPlus technology enhances player movements while offering the most intuitiv ...Read More
The Legend of Zelda: Spirit Tracks,"Action
Open World",Nintendo DS,"December 07
2009",Nintendo EAD,Nintendo,20h 19m,13h 3m,https://howlongtobeat.com/games/10043_The_Legend_of_Zelda_Spirit_Tracks.png?width=250,,,"The Legend of Zelda: Spirit Tracks is an action/adventure game for the Nintendo DS and DSi that sets Link, the iconic hero of the Legend of Zelda series, on a daring new adventure. The game provides players with a new story, more puzzles, a new mode of transportation--by train--and a new companion in combat, the Phantom. Together these offer up new ...Read More"
The Legend of Zelda: Tears of the Kingdom,"Third-Person
Action
Adventure
Open World
Role-Playing",Nintendo Switch,"May 12
2023",Nintendo EPD,Nintendo,58h 6m,40h 38m,https://howlongtobeat.com/games/72589_The_Legend_of_Zelda_Tears_of_the_Kingdom.jpg?width=250,,,"An epic adventure across the land and skies of Hyrule awaits in The Legend of Zelda: Tears of the Kingdom for Nintendo Switch. The adventure is yours to create in a world fueled by your imagination. In this sequel to The Legend of Zelda: Breath of the Wild, you’ll decide your own path through the sprawling landscapes of Hyrule and the mysterious is ...Read More"
The Legend of Zelda: The Minish Cap,"Top-Down
Action
Role-Playing",Game Boy Advance,"January 10
2005",Capcom,Nintendo,15h 57m,11h,https://howlongtobeat.com/games/10044_The_Legend_of_Zelda_The_Minish_Cap.png?width=250,,,"When the sorcerer Vaati turns Princess Zelda to stone the King of Hyrule sends Link on a quest that will take him to places he's never imagined. Using the power of a mystical hat called the Minish Cap, the Hylian hero will shrink down for a massive quest ... on a microscopic scale! When Link is asked to seek the advice of a Minish character livi ...Read More"
The Legend of Zelda: The Wind Waker,"Third-Person
Action
Adventure
Open World","Nintendo GameCube
Wii U","March 24
2003",Nintendo EAD,Nintendo,28h 7m,19h 31m,https://howlongtobeat.com/games/250px-ZeldaWindWakerGCNCoverArtUS.jpg?width=250,,,"Nintendo's thematic action-adventure sequel to Ocarina of Time takes the series back to its more cartoonish roots. Utilizing a completely new look with cel-shaded graphics, the game casts players in the role of a familiar young boy, who sets out to save his kidnapped sister. Gameplay is vintage Zelda, only that the game's overworld is covered by wa ...Read More"
The Legend of Zelda: Twilight Princess,"Third-Person
Action
Adventure
Puzzle","Nintendo GameCube
Wii","November 19
2006",Nintendo EAD,Nintendo,37h 36m,28h 4m,https://howlongtobeat.com/games/10046_The_Legend_of_Zelda_Twilight_Princess.jpg?width=250,,,"When an evil darkness enshrouds the land of Hyrule, a young farm boy named Link must awaken the hero and the animal within. When Link travels to the Twilight Realm, he transforms into a wolf and must scour the land with the help of a mysterious girl named Midna. Besides his trusty sword and shield, Link will use his bow and arrows by aiming with th ...Read More"
The World Ends With You,"Action
Role-Playing",Nintendo DS,"April 22
2008","Square Enix
Jupiter","Square Enix
Ubisoft",24h 45m,18h 26m,https://howlongtobeat.com/games/250px-The_World_Ends_With_You.jpg?width=250,,,"From the creators of the award-winning Final Fantasy and Kingdom Hearts franchises comes a revolutionary, modern action-RPG title for a new generation of gamers. Square Enix and Jupiter team up once again to showcase The World Ends With You, a trendy and vibrant gaming experience developed exclusively for the Nintendo DS. Featuring an intuitive com ...Read More"
Ty the Tasmanian Tiger 2: Bush Rescue,Platform,"Game Boy Advance
Nintendo GameCube
Nintendo Switch
PC
PlayStation 2
PlayStation 4
Xbox
Xbox One","October 12
2004",Krome Studios,Electronic Arts,8h 30m,6h 56m,https://howlongtobeat.com/games/Ty_the_Tasmanian_Tiger_2_-_Bush_Rescue_Coverart.png?width=250,,,"STREWTH! It's time to go back Down Under with this fully remastered version of TY the Tasmanian Tiger 2: Bush Rescue. Rang, bite, smash and glide your way around the Australian Outback and stop the evil machinations of the diabolical BOSS CASS in this open world adventure."
Undertale,"Top-Down
Turn-Based
Action
Role-Playing","Linux
Mac
Nintendo Switch
PC
PlayStation 4
PlayStation Vita
Xbox One","September 15
2015",Tobyfox,Tobyfox,7h 5m,4h 27m,https://howlongtobeat.com/games/30385_Undertale.png?width=250,,,"Welcome to UNDERTALE. In this RPG, you control a human who falls underground into the world of monsters. Now you must find your way out... or stay trapped forever."
Wacky Races,Infogrames,Racing/Driving,"November 21
2001","Infogrames
Warner Bros. Interactive Entertainment
Cartoon Network","June 09
2000",5h 17m,2h 57m,https://howlongtobeat.com/games/Wacky_Races_2000.jpg?width=250,,,"Choose from all your favourite characters including Peter Perfect, Penelope Pitstop and, of course, Dick Dastardly and Muttley, and wind your way through cartoon like environments in the familiar vehicles of each character."
"WarioWare, Inc.: Mega Microgame$!",Action,Game Boy Advance,"May 26
2003",Nintendo R&D1,Nintendo,2h 12m,1h 30m,https://howlongtobeat.com/games/11073_WarioWare_Inc_Mega_Microgame.png?width=250,,,"WarioWare Inc: Mega Party Game brings Wario's gaming company back for a triumphant return! Enjoy wildly creative little single-player and multiplayer games, starring Wario's crew of crazy game developers!"
Wii Sports,Nintendo EAD,"Party
Sports","December 08
2006",Nintendo,"November 19
2006",5h 2m,2h 36m,https://howlongtobeat.com/games/250px-Wii_Sports_Europe.jpg?width=250,,,"A compilation of simple, Wii-playable sports games. Included sports are Tennis, Golf, Baseball, Boxing and Bowling. All of these sports games have a stylized look that's designed after classic 8-bit game designs but brought to life with full 3D technology. Although each game will concentrate on the core mechanics of hitting a ball, swinging a racqu ...Read More"
Woody Woodpecker: Escape from Buzz Buzzard Park,EKO Software,Platform,2.5 Weeks Ago,DreamCatcher Interactive,"December 07
2001",7h,5h 30m,https://howlongtobeat.com/games/54900_Woody_Woodpecker_Escape_from_Buzz_Buzzard_Park.jpg?width=250,,,"The zaniest woodpecker on the planet is back in his very own crazy 3D adventure! Rescue Splinter and Knothead, Woody's niece and nephew, from the evil talons of Buzz Buzzard!"
Xenoblade Chronicles,"Third-Person
Action
Role-Playing","Nintendo 3DS
Nintendo Switch
Wii","April 02
2012","Monolith Soft
Monster Games",Nintendo,58h 28m,38h 48m,https://howlongtobeat.com/games/250px-XenobladeBox.png?width=250,,,"Join the battle for Bionis to repel the invasion of a terrifying mechanical army and uncover the secrets of a mystical sword called the Monado in Xenoblade. Xenoblade Chronicles is an epic role-playing game which takes place on an immense game world on the remains of two giant titans, and features fast-paced real-time battling. The game heavily foc ...Read More"
Zelda II: The Adventure of Link,Nintendo EAD,Adventure,"September 26
1988",Nintendo,"December 01
1988",10h 27m,6h 57m,https://howlongtobeat.com/games/250px-Zelda_II_The_Adventure_of_Link_box.jpg?width=250,,,"Embark on a quest to find the Triforce of Courage, awaken Princess Zelda from an evil wizard's spell and save Hyrule from ruin. Learn magic spells and collect items to increase your power!"
